{
  "train_loss": [
    0.09619559534477963,
    0.06571399531441048,
    0.06117745773825899,
    0.05780342716408374,
    0.054886049366202845,
    0.05198664454083458,
    0.04920432826381492,
    0.04653048606408427,
    0.04423131668782533,
    0.04215760481161383,
    0.04035391798680853,
    0.038819130825398486,
    0.03739063524667372,
    0.03621638158692462,
    0.035125543226175546
  ],
  "val_loss": [
    0.06836906037129023,
    0.061944211011423785,
    0.05909535590120975,
    0.05727362786145771,
    0.05639280225424206,
    0.05655027186388478,
    0.05745271516635137,
    0.058620557462906134,
    0.059041543370660615,
    0.06017511310603689,
    0.061190068393069154,
    0.06190180833287099,
    0.06221802713459029,
    0.06321557074346963,
    0.06379868654424653
  ]
}