{
  "train_loss": [
    0.09624367006426694,
    0.06577936510867834,
    0.0612251569391418,
    0.057841412419435745,
    0.05489918973799036,
    0.052002856338566,
    0.04921821279445412,
    0.046565426110660765,
    0.044233370875957245,
    0.042162680665620816,
    0.04032301091148188,
    0.03876820101539917,
    0.03744138996802901,
    0.03621462683505773,
    0.03513148874277979
  ],
  "val_loss": [
    0.06844227300847278,
    0.06213939266608042,
    0.05896583988386042,
    0.057444085367023945,
    0.05646420894738506,
    0.05656611152431544,
    0.05728927840862204,
    0.058461226522922516,
    0.059214915532399624,
    0.0601037481580587,
    0.061295678017332274,
    0.06182390626739053,
    0.06241416344966959,
    0.06328780636848773,
    0.06396541717078756
  ]
}