{
  "train_loss": [
    0.04675525870045711,
    0.023357212490936433,
    0.019453183558060083,
    0.017200002951845293,
    0.015556023654682696,
    0.014550110716431119,
    0.01354309442952322,
    0.012764386134952026,
    0.012014441974577858,
    0.011404786401991747,
    0.010859848700790757,
    0.010338403465559117,
    0.009874991409854268,
    0.00954467140511846,
    0.009111052816938083,
    0.008956749409694096,
    0.008541259538020273,
    0.008306584434823183,
    0.00807068051133877
  ],
  "val_loss": [
    0.02682334732483415,
    0.020536673857885247,
    0.019684600150760484,
    0.017627783010111135,
    0.016880995717228335,
    0.016345129512688693,
    0.01631838537971763,
    0.01565062191666049,
    0.015359319294528925,
    0.015653434839537916,
    0.015646609614658004,
    0.01566421189893256,
    0.015525697155252975,
    0.015592588440460317,
    0.015642401159686202,
    0.015580365050803213,
    0.015622360344209215,
    0.01570223580004976,
    0.015591812018743333
  ]
}