{
  "train_loss": [
    0.047054069712290945,
    0.02353898008415318,
    0.019329207753733407,
    0.017022171924854147,
    0.015472344712567367,
    0.01448489628954087,
    0.013507413949385332,
    0.012679174443163842,
    0.01202696976383278,
    0.011468800289854173,
    0.010866059250195384,
    0.010354172283649257,
    0.009924714009753402,
    0.009581836629483767,
    0.009141016544242824,
    0.008860258735879836,
    0.008625705673893605,
    0.008415987256762562,
    0.008086611421889739,
    0.007886783903038427,
    0.007683492996978069,
    0.0074868972638043865
  ],
  "val_loss": [
    0.026597730404533008,
    0.020930156933472437,
    0.019039946471286172,
    0.01769172782352304,
    0.01666356371167828,
    0.016434867592418894,
    0.015753808294368142,
    0.01574125190210693,
    0.015804376302506116,
    0.015780925969867146,
    0.015437764992170474,
    0.01542973508784438,
    0.015690628589843127,
    0.015564882319749278,
    0.01550725068184821,
    0.0156945190666353,
    0.015899253721513292,
    0.015685615006505567,
    0.01565677672624588,
    0.015657643677995485,
    0.015807139810503405,
    0.015928084290969896
  ]
}