{
  "train_loss": [
    0.44573609339406123,
    0.328731251174006,
    0.31339180292006946,
    0.30283633033309987,
    0.2951276768524445,
    0.28793201196156326,
    0.280915340940033,
    0.273699304900573,
    0.2658657304545555,
    0.25719534673474054,
    0.24791384929773577,
    0.2386708403922921,
    0.2302033388315697,
    0.22268273744463546,
    0.21643200441961377,
    0.2109470464592817,
    0.2061538451050516
  ],
  "val_loss": [
    0.3390215731718961,
    0.3178679925553939,
    0.30628859996795654,
    0.29923976957798004,
    0.29609067124478955,
    0.2947952072410023,
    0.29442332509685964,
    0.2959865984671256,
    0.2979944707716213,
    0.30123308038010316,
    0.3044203747721279,
    0.30956638823537264,
    0.3132875631837284,
    0.3162986855296528,
    0.3197925055728239,
    0.3222692372167812,
    0.3246701916351038
  ]
}