{
  "train_loss": [
    0.033090925953558246,
    0.017065548507327385,
    0.015300470713794605,
    0.014194290390162258,
    0.013577512780724088,
    0.013118079335057996,
    0.012662168849131157,
    0.012253261171281338,
    0.01185983820266578,
    0.0115047398557577,
    0.011104027419511614,
    0.010686494853802983,
    0.010329097278743142,
    0.00995829604496029,
    0.009613098658411107,
    0.009343303401361813,
    0.009063210049322966,
    0.008764544644956492,
    0.008545404545332197,
    0.008332002087610082,
    0.008158781542369752,
    0.007969948639772061
  ],
  "val_loss": [
    0.01831533496870714,
    0.015559268348357257,
    0.014745340929092729,
    0.013821930295842536,
    0.013169095604954398,
    0.01312777549302315,
    0.012736169005031972,
    0.012549523181994171,
    0.01245250426890219,
    0.012448219924836475,
    0.012392387396710761,
    0.012293116258019033,
    0.01252114723491318,
    0.012523869874284548,
    0.01254528118571376,
    0.01266114104210454,
    0.012639436542111285,
    0.012625274042982389,
    0.01271592968088739,
    0.01274916883010198,
    0.012795130311347106,
    0.012812008574495421
  ]
}