{
  "train_loss": [
    0.03290901573077078,
    0.017064704869211095,
    0.01530469829934798,
    0.014259349075978079,
    0.013639449717062394,
    0.013025013750366469,
    0.012630730540401135,
    0.012193601371189083,
    0.011831350218749906,
    0.011476259080103385,
    0.011092302471189103,
    0.010661333992049611,
    0.010326654381676341,
    0.009970192739091884,
    0.009626786390955919,
    0.009313906029123685,
    0.00903513013942862,
    0.008772347957409662,
    0.008550228110184677,
    0.008337828713150981,
    0.008145286824238897
  ],
  "val_loss": [
    0.018480496535844663,
    0.015444731216548997,
    0.014943552847184679,
    0.013649047407157281,
    0.013686382828061195,
    0.013102200950550683,
    0.012744298273259225,
    0.012631145579849972,
    0.012466228101402521,
    0.012408836292760336,
    0.012408554348546793,
    0.0124259699437329,
    0.012543980936136316,
    0.012523554635288961,
    0.012518372304518433,
    0.012591430753031197,
    0.012749990955104722,
    0.012646733262740514,
    0.0127657631494324,
    0.012760261251755497,
    0.012931551140568712
  ]
}