{
  "normalized_space": {
    "mae": 0.18358011543750763,
    "rmse": 0.21248753368854523,
    "psnr": 13.45333194732666,
    "ssim": 0.8765210219808526,
    "mean_bias": 0.12557825446128845,
    "std_ratio": 1.3909556865692139,
    "correlation": 0.9653726648592752
  },
  "original_space": {
    "mae": 11.884093284606934,
    "rmse": 13.755419731140137,
    "psnr": -22.76947784423828,
    "ssim": 0.9147243476319661,
    "mean_bias": 8.12933349609375,
    "std_ratio": 1.3909560441970825,
    "correlation": 0.9653726649355622
  },
  "vae_model": "stable-diffusion-v1-5/stable-diffusion-v1-5",
  "n_samples": 100
}