{
  "normalized_space": {
    "mae": 0.1911686509847641,
    "rmse": 0.22333137691020966,
    "psnr": 13.021005630493164,
    "ssim": 0.8616978826369436,
    "mean_bias": 0.06332269310951233,
    "std_ratio": 1.3822507858276367,
    "correlation": 0.9655036433265501
  },
  "original_space": {
    "mae": 9.00289249420166,
    "rmse": 10.517562866210938,
    "psnr": -20.43830108642578,
    "ssim": 0.9169897583174985,
    "mean_bias": 2.98211669921875,
    "std_ratio": 1.3822506666183472,
    "correlation": 0.9655036431604664
  },
  "vae_model": "stable-diffusion-v1-5/stable-diffusion-v1-5",
  "n_samples": 20
}