{
  "normalized_space": {
    "mae": 0.18359294533729553,
    "rmse": 0.21250246465206146,
    "psnr": 13.452720642089844,
    "ssim": 0.8765098261581172,
    "mean_bias": 0.12557241320610046,
    "std_ratio": 1.391050100326538,
    "correlation": 0.9653777480636428
  },
  "original_space": {
    "mae": 11.884925842285156,
    "rmse": 13.756386756896973,
    "psnr": -22.770090103149414,
    "ssim": 0.9147095058461617,
    "mean_bias": 8.128936767578125,
    "std_ratio": 1.3910503387451172,
    "correlation": 0.9653777482042392
  },
  "vae_model": "stable-diffusion-v1-5/stable-diffusion-v1-5",
  "n_samples": 100
}