{
  "mse": 0.015210614539682865,
  "rmse": 0.12333132326602936,
  "mae": 0.08326581865549088,
  "rmse_step_1": 0.12152490019798279,
  "rmse_step_2": 0.12248143553733826,
  "rmse_step_3": 0.12384535372257233,
  "rmse_step_4": 0.12543809413909912
}