{
  "mse": 0.0042245229706168175,
  "rmse": 0.06499633193016052,
  "mae": 0.041566867381334305,
  "rmse_step_1": 0.0458536371588707,
  "rmse_step_2": 0.05898704007267952,
  "rmse_step_3": 0.07007191330194473,
  "rmse_step_4": 0.08003746718168259
}