{
  "train_loss": [
    0.22262741821499826,
    0.1534217688076922,
    0.13893510578754928,
    0.13015687155032232,
    0.12408225943675982,
    0.11936665146515288,
    0.11458131941882047,
    0.1109504379962679,
    0.1069781815744119,
    0.1033168553745485,
    0.09990654600825055,
    0.09634360558934346,
    0.09334638513928296,
    0.09083126263465253,
    0.08843624692258416,
    0.08624958721074191,
    0.08425251494941292,
    0.08265009910148513,
    0.08110629043141876
  ],
  "val_loss": [
    0.16045014845097766,
    0.145051280146136,
    0.13602540390018156,
    0.13064375684103546,
    0.12785531711928985,
    0.12537806524949915,
    0.12321569606223527,
    0.1223890511866878,
    0.12191120721399784,
    0.1233581112807288,
    0.12288274878964704,
    0.12385820454972632,
    0.12443441755193121,
    0.1255106809822952,
    0.12490716171176995,
    0.12602533882155137,
    0.12637341745636044,
    0.12690586585770636,
    0.1271137022139395
  ]
}