{
  "mse": 0.003354414599016309,
  "rmse": 0.05791730806231499,
  "mae": 0.03626806288957596,
  "rmse_step_1": 0.0369829460978508,
  "rmse_step_2": 0.05112594738602638,
  "rmse_step_3": 0.06302497535943985,
  "rmse_step_4": 0.07391835004091263
}