{
  "train_loss": [
    0.2181538131823734,
    0.15095218226640575,
    0.14021275517148285,
    0.1351917113256305,
    0.1318916656473961,
    0.1294394244781482,
    0.12749875617158077,
    0.12557616661708557,
    0.12380036952260146,
    0.12189301231811786,
    0.11976916086057136,
    0.11724254075542886,
    0.11429984659703922,
    0.11133283591569404,
    0.10835287435021146,
    0.10531786581659018,
    0.10255537810370466,
    0.10006196689456234,
    0.09764281664989585
  ],
  "val_loss": [
    0.1596088586922954,
    0.1441938533064197,
    0.13824810043853872,
    0.134295976775534,
    0.1319458659957437,
    0.1308440349119551,
    0.12945494143401876,
    0.1286297868937254,
    0.12771831814418821,
    0.1278753226951641,
    0.128604109344237,
    0.12871282229966977,
    0.12970282641403816,
    0.13059390500626145,
    0.13113207337172592,
    0.13218570248607328,
    0.13285212876165614,
    0.13354489886585405,
    0.13450433445327423
  ]
}