{
  "mse": 0.04508281126618385,
  "rmse": 0.21232713758945465,
  "mae": 0.1412525624036789,
  "rmse_step_1": 0.13429230451583862,
  "rmse_step_2": 0.192593514919281,
  "rmse_step_3": 0.23328927159309387,
  "rmse_step_4": 0.26604601740837097
}