{
  "mse": 0.003281382378190756,
  "rmse": 0.05728335306048393,
  "mae": 0.038849346339702606,
  "rmse_step_1": 0.033717479556798935,
  "rmse_step_2": 0.04617655649781227,
  "rmse_step_3": 0.06142697110772133,
  "rmse_step_4": 0.07799403369426727
}