{
  "mse": 0.026294492185115814,
  "rmse": 0.16215576231479645,
  "mae": 0.11079692840576172,
  "rmse_step_1": 0.1619643121957779,
  "rmse_step_2": 0.16236284375190735,
  "rmse_step_3": 0.16218264400959015,
  "rmse_step_4": 0.16211283206939697
}