{
  "mse": 0.01653583655766225,
  "rmse": 0.1285917437383219,
  "mae": 0.08457800369626273,
  "rmse_step_1": 0.10724293488673356,
  "rmse_step_2": 0.12276762213219987,
  "rmse_step_3": 0.13494951059026097,
  "rmse_step_4": 0.14614732188782423
}