{
  "mse": 0.003576933639124036,
  "rmse": 0.05980747193098068,
  "mae": 0.03651713207364082,
  "rmse_step_1": 0.035447727888822556,
  "rmse_step_2": 0.052562274038791656,
  "rmse_step_3": 0.06573352217674255,
  "rmse_step_4": 0.07724957168102264
}